H3_Index,Position,Alpha_Richness,Shannon_H,Pielou_E,MSA,Gamma_Richness,Beta_Whittaker
863f29987ffffff,CENTER,45,1.3321790402101223,0.3499598516522281,0.4444444444444444,264,3.914893617021277
863f2998fffffff,N5,3,0.6931471805599453,0.6309297535714574,1.0,264,3.914893617021277
863f29997ffffff,N3,29,3.308777757587496,0.9826216420078502,0.9852941176470589,264,3.914893617021277
863f2999fffffff,N4,13,2.2470794495066992,0.8760716631577378,0.9656862745098039,264,3.914893617021277
863f299a7ffffff,N1,188,4.260864549727163,0.8136946002595337,0.9787704555506413,264,3.914893617021277
863f299afffffff,N6,18,2.871476118054867,0.9934625572680481,1.0,264,3.914893617021277
863f299b7ffffff,N2,80,3.6292509477261476,0.8282128910419649,0.8316490078206742,264,3.914893617021277
